event_id,timestamp,user_id,action,entity_type,entity_id,source_ip,user_agent,status,details,masked_data,signature
c0c7d194-ea45-495b-a7cd-1db601060e66,2025-10-11T23:45:03.573502+00:00,5,login_attempt,,,127.0.0.1,"Mozilla/5.0 (Windows NT 10.0; Win64; x64) AppleWebKit/537.36 (KHTML, like Gecko) Chrome/141.0.0.0 Safari/537.36",FAILED_LOCKED,User locked after failed attempts,true,SHA256:2d846d738f4d89b59e2e4868379ce22a8886768611f00bad51aa0937b4f2188c
3ca6f0eb-1235-424d-a014-50ee7c6dbda2,2025-10-11T23:45:48.635556+00:00,2,login,,,127.0.0.1,"Mozilla/5.0 (Windows NT 10.0; Win64; x64) AppleWebKit/537.36 (KHTML, like Gecko) Chrome/141.0.0.0 Safari/537.36",SUCCESS,User logged in successfully,false,SHA256:ae4efea65f551299bbf75c359fe37d42c81bb113d859e8144d2831aa39e73346
e71d55c6-5415-40ec-ae8c-ce135c74b732,2025-10-11T23:48:00.005779+00:00,6,login_attempt,,,127.0.0.1,"Mozilla/5.0 (Windows NT 10.0; Win64; x64) AppleWebKit/537.36 (KHTML, like Gecko) Chrome/141.0.0.0 Safari/537.36",FAILED,"Incorrect password, attempt 1",true,SHA256:79294dd2dee78a38470ed8f8943c5adb1a2e60b87b8f0489de12e1d063750054
5ee18528-bc1b-47e8-90fc-7838f1cd775a,2025-10-11T23:48:02.225497+00:00,6,login_attempt,,,127.0.0.1,"Mozilla/5.0 (Windows NT 10.0; Win64; x64) AppleWebKit/537.36 (KHTML, like Gecko) Chrome/141.0.0.0 Safari/537.36",FAILED,"Incorrect password, attempt 2",true,SHA256:4d84db0d449781de83f77a3d91bcdc9cf0992f0bd9b5a8afceef204c3f641c1b
4e8d538d-bb4e-49ba-b067-461fc1b28223,2025-10-11T23:48:03.989298+00:00,6,login_attempt,,,127.0.0.1,"Mozilla/5.0 (Windows NT 10.0; Win64; x64) AppleWebKit/537.36 (KHTML, like Gecko) Chrome/141.0.0.0 Safari/537.36",FAILED_LOCKED,User locked after failed attempts,true,SHA256:6e32363eb0c6601bee0612518d981836b7c61ecc36bd916f7af51f7cdfddcac4
5ef97363-2a81-4d8a-b4ff-a01f92ac46b0,2025-10-11T23:48:06.178587+00:00,6,login_attempt,,,127.0.0.1,"Mozilla/5.0 (Windows NT 10.0; Win64; x64) AppleWebKit/537.36 (KHTML, like Gecko) Chrome/141.0.0.0 Safari/537.36",FAILED_LOCKED,User locked after failed attempts,true,SHA256:2d2a5c7da917c532aa9f5c44a97d76d75977cf46db1072e3e481a906b99e26c7
637a3199-c057-4865-8177-ca508b1bd1cf,2025-10-11T23:54:02.590587+00:00,10,register,,,127.0.0.1,"Mozilla/5.0 (Windows NT 10.0; Win64; x64) AppleWebKit/537.36 (KHTML, like Gecko) Chrome/141.0.0.0 Safari/537.36",SUCCESS,User registered successfully,false,SHA256:675d06e0317c302db1ce7d613b0c5f4c04a6cf400abd21a0a8d2ad9907618e4b
010244df-47a1-4612-84eb-ce56f662f8d7,2025-10-11T23:59:25.064016+00:00,2,login,,,127.0.0.1,"Mozilla/5.0 (Windows NT 10.0; Win64; x64) AppleWebKit/537.36 (KHTML, like Gecko) Chrome/141.0.0.0 Safari/537.36",SUCCESS,User logged in successfully,false,SHA256:c33004d442035ee6cc75821436792c5ce2a8c28e3c10b3d1ec2fa8a002cb0051
3ee48c10-66a0-40c8-9c7f-9ce333e9e441,2025-10-12T00:07:00.130149+00:00,11,register,,,127.0.0.1,"Mozilla/5.0 (Windows NT 10.0; Win64; x64) AppleWebKit/537.36 (KHTML, like Gecko) Chrome/141.0.0.0 Safari/537.36",SUCCESS,User registered successfully,false,SHA256:20f50d22b157ea50073ff1a448bca22159d087774d3d5219893bcd96572e946c
8fd21122-d509-4617-94ee-ee5e0226c002,2025-10-12T00:11:14.783844+00:00,12,register,,,127.0.0.1,"Mozilla/5.0 (Windows NT 10.0; Win64; x64) AppleWebKit/537.36 (KHTML, like Gecko) Chrome/141.0.0.0 Safari/537.36",SUCCESS,User registered successfully,false,SHA256:871212c21c34a0e0cccfd08da5e22697df6f9f81393c602acfc8ea6bb4fcaec0
2f4db93e-dd33-4931-a093-f4889f0b89ae,2025-10-12T00:13:25.762046+00:00,13,register,,,127.0.0.1,"Mozilla/5.0 (Windows NT 10.0; Win64; x64) AppleWebKit/537.36 (KHTML, like Gecko) Chrome/141.0.0.0 Safari/537.36",SUCCESS,User registered successfully,false,SHA256:f5c945c1c38487db1b5413dcee4e11244187099ea805e18dd2a0d4c3c784348c
36650196-1ae6-419f-88ab-b78912c4e1df,2025-10-12T00:19:24.527482+00:00,14,register,,,127.0.0.1,"Mozilla/5.0 (Windows NT 10.0; Win64; x64) AppleWebKit/537.36 (KHTML, like Gecko) Chrome/141.0.0.0 Safari/537.36",SUCCESS,User registered successfully,false,SHA256:07e5b6d29684ac0c826f8ea31648bc4bd4f5ef532dae1237661b60543fd1f941
d835b6cc-dccd-4fe6-9ae5-df50d7298f94,2025-10-12T04:56:20.133062+00:00,ale@rod.com,register_attempt,,,127.0.0.1,"Mozilla/5.0 (Windows NT 10.0; Win64; x64) AppleWebKit/537.36 (KHTML, like Gecko) Chrome/138.0.0.0 Safari/537.36 OPR/122.0.0.0",FAILED,Attempt to register with an already existing email,true,SHA256:f64a7d7213402b0176e52ff01410c6df4e0828e44361990f8a560a84d28aceba
79ccd194-e157-4fe7-a14b-52182679accb,2025-10-12T04:56:27.006895+00:00,1,login,,,127.0.0.1,"Mozilla/5.0 (Windows NT 10.0; Win64; x64) AppleWebKit/537.36 (KHTML, like Gecko) Chrome/138.0.0.0 Safari/537.36 OPR/122.0.0.0",SUCCESS,User logged in successfully,false,SHA256:96f7a6725d163873138a9b9d4a1a7046191f026dc508b4b3ab57819648ad8de6
cbd15e91-5c02-488f-8769-23fc6af85129,2025-10-17T02:59:56.769002+00:00,1,login,,,127.0.0.1,"Mozilla/5.0 (Windows NT 10.0; Win64; x64) AppleWebKit/537.36 (KHTML, like Gecko) Chrome/138.0.0.0 Safari/537.36 OPR/122.0.0.0",SUCCESS,User logged in successfully,false,SHA256:bba50e5a280845a31dde14b0dfa90fbae2f05a76be1b0c5bb5f5a23608d0697a
76229ca7-d9ac-48d2-ac50-03eab534b7f2,2025-10-17T03:00:36.691644+00:00,4,register,,,127.0.0.1,"Mozilla/5.0 (Windows NT 10.0; Win64; x64) AppleWebKit/537.36 (KHTML, like Gecko) Chrome/138.0.0.0 Safari/537.36 OPR/122.0.0.0",SUCCESS,User registered successfully,false,SHA256:f6b0cc6e489decfba3acd965602897b09df1df63bf90a3ad91bccaaf28a2da23
0dbb1de6-388e-4af6-9d79-6d6cac439ea0,2025-10-17T03:00:40.378820+00:00,4,login,,,127.0.0.1,"Mozilla/5.0 (Windows NT 10.0; Win64; x64) AppleWebKit/537.36 (KHTML, like Gecko) Chrome/138.0.0.0 Safari/537.36 OPR/122.0.0.0",SUCCESS,User logged in successfully,false,SHA256:e0e3ec79bed3eba25edf9c3b81f93af1b3647deaeb4185bccbb8f9b80adbd428
b20b42c1-b3a5-4477-a945-db0e1c96750a,2025-10-17T03:15:53.794100+00:00,1,login,,,127.0.0.1,"Mozilla/5.0 (Windows NT 10.0; Win64; x64) AppleWebKit/537.36 (KHTML, like Gecko) Chrome/138.0.0.0 Safari/537.36 OPR/122.0.0.0",SUCCESS,User logged in successfully,false,SHA256:607cdcbea9c3a36430fad40b0624e14e6c05dfb9e843500ae970d99e87f03c50
d70b0dcc-767e-48f2-be8a-ecb7c8d7b86e,2025-10-17T04:15:38.296583+00:00,1,login,,,127.0.0.1,"Mozilla/5.0 (Windows NT 10.0; Win64; x64) AppleWebKit/537.36 (KHTML, like Gecko) Chrome/138.0.0.0 Safari/537.36 OPR/122.0.0.0",SUCCESS,User logged in successfully,false,SHA256:52ef7f52b5ddd446c25a59589dec069cdcc3cb4a694373840ad95b69a0b3f920
e116c734-5308-472a-b705-4d76ab54280e,2025-10-18T21:15:40.792088+00:00,5,register,,,127.0.0.1,"Mozilla/5.0 (Windows NT 10.0; Win64; x64) AppleWebKit/537.36 (KHTML, like Gecko) Chrome/138.0.0.0 Safari/537.36 OPR/122.0.0.0",SUCCESS,User registered successfully,false,SHA256:ef1facb44e54c355cf9f525d6b03e8237f81a8882f6f2d1e0fed9c8685967dc5
28fd4086-7176-4502-ae97-1136229289d0,2025-10-18T21:19:08.654451+00:00,1,login,,,127.0.0.1,"Mozilla/5.0 (Windows NT 10.0; Win64; x64) AppleWebKit/537.36 (KHTML, like Gecko) Chrome/138.0.0.0 Safari/537.36 OPR/122.0.0.0",SUCCESS,User logged in successfully,false,SHA256:add98bd8191a77c370edd4ebe1a214b54023ec855c25ecbca4426946a795deed
9f846f35-4328-41ea-a088-8121bffdf96f,2025-10-18T21:20:04.098130+00:00,1,login,,,127.0.0.1,"Mozilla/5.0 (Windows NT 10.0; Win64; x64) AppleWebKit/537.36 (KHTML, like Gecko) Chrome/138.0.0.0 Safari/537.36 OPR/122.0.0.0",SUCCESS,User logged in successfully,false,SHA256:ffb78e49c7754058e359ff5fb21934e303be9b6f8ae2a8e6283233c7bf7af7b4
732211ba-1419-4fdc-8780-d4dd01cad387,2025-10-18T21:40:48.033937+00:00,1,login,,,127.0.0.1,"Mozilla/5.0 (Windows NT 10.0; Win64; x64) AppleWebKit/537.36 (KHTML, like Gecko) Chrome/138.0.0.0 Safari/537.36 OPR/122.0.0.0",SUCCESS,User logged in successfully,false,SHA256:1a1a1830b2e1c0bd1ebbd3066f40ef91e3647511df840c211baf1a8580fffcf5
2d9f18a8-f9bb-4d32-b4e9-5f154e3a8993,2025-10-18T21:58:02.155372+00:00,1,login,,,127.0.0.1,"Mozilla/5.0 (Windows NT 10.0; Win64; x64) AppleWebKit/537.36 (KHTML, like Gecko) Chrome/138.0.0.0 Safari/537.36 OPR/122.0.0.0",SUCCESS,User logged in successfully,false,SHA256:7d95007c03a90414407176b5cc33435942fb1bddf5a2f8d1a1c95ec4d5c79c43
acbfc3b7-e573-4c28-a722-3bd43cb91f04,2025-10-18T21:58:42.467021+00:00,1,login,,,127.0.0.1,"Mozilla/5.0 (Windows NT 10.0; Win64; x64) AppleWebKit/537.36 (KHTML, like Gecko) Chrome/138.0.0.0 Safari/537.36 OPR/122.0.0.0",SUCCESS,User logged in successfully,false,SHA256:fe773bfdc8d84d5ee1178dd25dbb6da0f3fc9f3d325a4f17120737805a159533
bf645485-e36c-4064-b3b7-2fe57657f0f6,2025-10-18T21:58:47.563833+00:00,1,login,,,127.0.0.1,"Mozilla/5.0 (Windows NT 10.0; Win64; x64) AppleWebKit/537.36 (KHTML, like Gecko) Chrome/138.0.0.0 Safari/537.36 OPR/122.0.0.0",SUCCESS,User logged in successfully,false,SHA256:279dee311fd3d5a6e17478eae0a2d8764c31b231dcb6be10f0e57b72583cf15c
4ad81cf6-119c-4e9c-acab-398088dd31c0,2025-10-18T22:12:00.045016+00:00,1,login,,,127.0.0.1,"Mozilla/5.0 (Windows NT 10.0; Win64; x64) AppleWebKit/537.36 (KHTML, like Gecko) Chrome/138.0.0.0 Safari/537.36 OPR/122.0.0.0",SUCCESS,User logged in successfully,false,SHA256:622ca553efd6890bb71c9d68b1a0a63016c71acfb698c211d7bbd7ce6b02c4d0
9333cb5a-bde1-4ace-bdc8-f205baf8e2f0,2025-10-18T22:14:50.641886+00:00,1,login,,,127.0.0.1,"Mozilla/5.0 (Windows NT 10.0; Win64; x64) AppleWebKit/537.36 (KHTML, like Gecko) Chrome/138.0.0.0 Safari/537.36 OPR/122.0.0.0",SUCCESS,User logged in successfully,false,SHA256:78003b727d84c71f8b0b0604ef3e6743cbe175905576b88529cb40f0cf077851
a6eb3404-0789-4dda-80bf-572c5b1c9b1f,2025-10-18T22:24:06.099073+00:00,1,login,,,127.0.0.1,"Mozilla/5.0 (Windows NT 10.0; Win64; x64) AppleWebKit/537.36 (KHTML, like Gecko) Chrome/138.0.0.0 Safari/537.36 OPR/122.0.0.0",SUCCESS,User logged in successfully,false,SHA256:ea855aa6451d3aa69f9924bcbaf7788505494467ab9729b048cc0da6fd4c3841
7417494f-fd10-4047-b567-15729daf72a0,2025-10-18T22:25:45.404712+00:00,1,login,,,127.0.0.1,"Mozilla/5.0 (Windows NT 10.0; Win64; x64) AppleWebKit/537.36 (KHTML, like Gecko) Chrome/138.0.0.0 Safari/537.36 OPR/122.0.0.0",SUCCESS,User logged in successfully,false,SHA256:6a7750b286764e3ef2175e13d26b656a3551d044a7bab7d29ab02fd760321bb7
b4011895-c1dc-4a92-a436-678f34c5c948,2025-10-19T21:03:15.534258+00:00,1,register,,,127.0.0.1,"Mozilla/5.0 (Windows NT 10.0; Win64; x64) AppleWebKit/537.36 (KHTML, like Gecko) Chrome/138.0.0.0 Safari/537.36 OPR/122.0.0.0",SUCCESS,User registered successfully,false,SHA256:5f1985e3607bfb242574e5038b75654aac41fd87f471c93dd3f539cdf5fce4af
21114079-9ec2-433a-b5a4-ba1ee935e7c4,2025-10-19T21:03:18.807556+00:00,1,login,,,127.0.0.1,"Mozilla/5.0 (Windows NT 10.0; Win64; x64) AppleWebKit/537.36 (KHTML, like Gecko) Chrome/138.0.0.0 Safari/537.36 OPR/122.0.0.0",SUCCESS,User logged in successfully,false,SHA256:9eb89cfa049de90d07f364485fd1019a8c883b21b5f93007773fb24091f88e0c
68e9efb6-7892-4e37-a67d-f3c22708490d,2025-10-19T21:11:45.626134+00:00,1,login,,,127.0.0.1,"Mozilla/5.0 (Windows NT 10.0; Win64; x64) AppleWebKit/537.36 (KHTML, like Gecko) Chrome/138.0.0.0 Safari/537.36 OPR/122.0.0.0",SUCCESS,User logged in successfully,false,SHA256:21b618ed983d1a0f444daa076601757c2e18d83ce1db77bb14e7c7fdf73ec892
09e2d92f-d51a-4c07-8f67-bab019883ce6,2025-10-19T21:11:57.653167+00:00,1,create_league_attempt,,,127.0.0.1,"Mozilla/5.0 (Windows NT 10.0; Win64; x64) AppleWebKit/537.36 (KHTML, like Gecko) Chrome/138.0.0.0 Safari/537.36 OPR/122.0.0.0",PENDING,league=TEC League A,false,SHA256:185e94b28e6646061ff9a68ac7e1f6bdfaf1382645a7e201af12bbfc127091f0
f7325999-9021-4dc1-934a-d2e082e9c7ee,2025-10-19T21:11:57.882629+00:00,1,create_league,,,127.0.0.1,"Mozilla/5.0 (Windows NT 10.0; Win64; x64) AppleWebKit/537.36 (KHTML, like Gecko) Chrome/138.0.0.0 Safari/537.36 OPR/122.0.0.0",SUCCESS,league_id=2,false,SHA256:01c34b8752b0a2d789457709876f779b3256abe440d78f9589843ec006e54004
ad63db3a-e44f-40bc-85e9-76c3551ed054,2025-10-19T21:25:14.286058+00:00,1,create_league_attempt,,,127.0.0.1,"Mozilla/5.0 (Windows NT 10.0; Win64; x64) AppleWebKit/537.36 (KHTML, like Gecko) Chrome/138.0.0.0 Safari/537.36 OPR/122.0.0.0",PENDING,league=TEC League A,false,SHA256:5634a1d927af1ecc26deed97f69237fa97718a23a2c1927b6d7dc3e533dba409
b3c129a6-6973-44de-931a-147e0c3218fe,2025-10-19T21:51:25.573092+00:00,1,login,,,127.0.0.1,"Mozilla/5.0 (Windows NT 10.0; Win64; x64) AppleWebKit/537.36 (KHTML, like Gecko) Chrome/138.0.0.0 Safari/537.36 OPR/122.0.0.0",SUCCESS,User logged in successfully,false,SHA256:11b5a219dc56000e90e818f8fbf58a51aa619d2a7d902de6e4fe1fc5534be390
5fe5f8c5-ec0b-464b-a144-a7edc17445f9,2025-10-19T21:51:44.811022+00:00,1,login,,,127.0.0.1,"Mozilla/5.0 (Windows NT 10.0; Win64; x64) AppleWebKit/537.36 (KHTML, like Gecko) Chrome/138.0.0.0 Safari/537.36 OPR/122.0.0.0",SUCCESS,User logged in successfully,false,SHA256:6ccda2faff961d44f99e90a0e67b1fdaa059dd6076b9e2a6464fb176bc801ad0
a92136ed-5130-48fc-90a4-969fee6782f3,2025-10-19T21:53:08.593164+00:00,1,login,,,127.0.0.1,"Mozilla/5.0 (Windows NT 10.0; Win64; x64) AppleWebKit/537.36 (KHTML, like Gecko) Chrome/138.0.0.0 Safari/537.36 OPR/122.0.0.0",SUCCESS,User logged in successfully,false,SHA256:946e34935fadf0587c99f1311dd1b9d4c91fe27947381b64a26e8c3dfe4f5d54
082dd3c8-25b9-4652-8c7b-ecef9404da85,2025-10-19T21:53:11.134761+00:00,1,login,,,127.0.0.1,"Mozilla/5.0 (Windows NT 10.0; Win64; x64) AppleWebKit/537.36 (KHTML, like Gecko) Chrome/138.0.0.0 Safari/537.36 OPR/122.0.0.0",SUCCESS,User logged in successfully,false,SHA256:9d84c9218866d8fdc08c7d4194fc8bbfaa6d4eb8414fd7acbbebae6ceb0fe808
430af909-17f5-45a0-b926-c1521a02d271,2025-10-19T21:54:03.068902+00:00,1,login,,,127.0.0.1,"Mozilla/5.0 (Windows NT 10.0; Win64; x64) AppleWebKit/537.36 (KHTML, like Gecko) Chrome/138.0.0.0 Safari/537.36 OPR/122.0.0.0",SUCCESS,User logged in successfully,false,SHA256:acd2bfd1548b4bcd32c76d6eddb3324f8949e104008e91d046c52051734315f1
84c4f7f7-becd-418d-bbf8-5e824f16ebe7,2025-10-19T22:10:18.077909+00:00,1,create_league_attempt,,,127.0.0.1,"Mozilla/5.0 (Windows NT 10.0; Win64; x64) AppleWebKit/537.36 (KHTML, like Gecko) Chrome/138.0.0.0 Safari/537.36 OPR/122.0.0.0",PENDING,league=Liga TEC X,false,SHA256:fae112154a20e324d214486986c7471cfe1c8ac044dfc2cd165c7fcf0fec4d73
0c021062-35c5-4298-9e59-fbf46c65fece,2025-10-19T22:25:06.165546+00:00,1,create_league_attempt,,,127.0.0.1,"Mozilla/5.0 (Windows NT 10.0; Win64; x64) AppleWebKit/537.36 (KHTML, like Gecko) Chrome/138.0.0.0 Safari/537.36 OPR/122.0.0.0",PENDING,league=Liga TEC X,false,SHA256:afc1bf82612c1703012ca614fe748aac211d88debda6db6c7999a9331590e7a5
4be68f58-9f30-44a4-b176-59a810ed7be4,2025-10-19T22:32:14.387010+00:00,1,login,,,127.0.0.1,"Mozilla/5.0 (Windows NT 10.0; Win64; x64) AppleWebKit/537.36 (KHTML, like Gecko) Chrome/138.0.0.0 Safari/537.36 OPR/122.0.0.0",SUCCESS,User logged in successfully,false,SHA256:a9fc9ab395b433582e75d28769cdee7b7f40345782442a0ab62b60ab5c8eea83
ecf3d984-3494-401f-857d-2dc3d2bd6848,2025-10-19T22:34:45.603446+00:00,1,create_league_attempt,,,127.0.0.1,"Mozilla/5.0 (Windows NT 10.0; Win64; x64) AppleWebKit/537.36 (KHTML, like Gecko) Chrome/138.0.0.0 Safari/537.36 OPR/122.0.0.0",PENDING,league=Liga TEC Ale,false,SHA256:cabcd15c8a6a64f759c0399a578887890729dda9066cd3915eb8d8935e04d70a
9ea366ab-d1fd-4fe9-b5cf-cc5a3bdfa056,2025-10-19T22:36:09.740855+00:00,1,create_league_attempt,,,127.0.0.1,"Mozilla/5.0 (Windows NT 10.0; Win64; x64) AppleWebKit/537.36 (KHTML, like Gecko) Chrome/138.0.0.0 Safari/537.36 OPR/122.0.0.0",PENDING,league=Aleees,false,SHA256:4cf3521d30f3e1e0331003fb2b2ec709fcea62eb6eeda2f15f6bcab9c48abd7e
d0504b5b-11ac-4cc8-9304-09c85a5d3849,2025-10-19T22:36:26.638283+00:00,1,create_league_attempt,,,127.0.0.1,"Mozilla/5.0 (Windows NT 10.0; Win64; x64) AppleWebKit/537.36 (KHTML, like Gecko) Chrome/138.0.0.0 Safari/537.36 OPR/122.0.0.0",PENDING,league=cualqdwiuqoas,false,SHA256:bfb6a2156b081cc955575348df522c373d1f812a18f55ec3425e661495dc77f3
8c74694b-d30b-4927-8f5c-06954da4b29c,2025-10-19T22:36:47.759139+00:00,1,login,,,127.0.0.1,"Mozilla/5.0 (Windows NT 10.0; Win64; x64) AppleWebKit/537.36 (KHTML, like Gecko) Chrome/138.0.0.0 Safari/537.36 OPR/122.0.0.0",SUCCESS,User logged in successfully,false,SHA256:f45ccf29822ea869872c342c92e896694fa633344f25749ecc0e15b8681bd098
a0521166-68f8-412c-97af-7aff67860923,2025-10-19T22:37:19.722530+00:00,1,create_league_attempt,,,127.0.0.1,"Mozilla/5.0 (Windows NT 10.0; Win64; x64) AppleWebKit/537.36 (KHTML, like Gecko) Chrome/138.0.0.0 Safari/537.36 OPR/122.0.0.0",PENDING,league=Liga de Ale,false,SHA256:b16bc9e76e11facbd53df76d2549865919d2ab00966800896a4a95c4e0da649c
b985158a-c2bc-4922-8e55-586c5e28edb8,2025-10-19T22:37:45.524011+00:00,1,create_league_attempt,,,127.0.0.1,"Mozilla/5.0 (Windows NT 10.0; Win64; x64) AppleWebKit/537.36 (KHTML, like Gecko) Chrome/138.0.0.0 Safari/537.36 OPR/122.0.0.0",PENDING,league=Otra liga,false,SHA256:3f6fcfc584ef44e7c7aae58691e8c2df62df719d0106a2f2f8fc24d6d0c5f73f
2edb3070-e49f-44a9-87f8-0dfa251d198f,2025-10-19T22:37:51.346958+00:00,1,create_league_attempt,,,127.0.0.1,"Mozilla/5.0 (Windows NT 10.0; Win64; x64) AppleWebKit/537.36 (KHTML, like Gecko) Chrome/138.0.0.0 Safari/537.36 OPR/122.0.0.0",PENDING,league=Otra liga,false,SHA256:f5a6c26bb905c6cda23fb6804e2636c477e8eca354a53d8d7db7344e9e6e567c
39fe3bff-e7ed-4995-a8d8-5cebe2d1ed0a,2025-10-19T22:38:18.727667+00:00,1,login,,,127.0.0.1,"Mozilla/5.0 (Windows NT 10.0; Win64; x64) AppleWebKit/537.36 (KHTML, like Gecko) Chrome/138.0.0.0 Safari/537.36 OPR/122.0.0.0",SUCCESS,User logged in successfully,false,SHA256:74e1ca2dbe8fb9fcbb9476370c21c3a3b36a93987ad5ffc7e76f8d8e7aa18186
a04b5714-579d-4bbf-b893-aa61c1ba8cac,2025-10-19T22:42:25.167352+00:00,1,login,,,127.0.0.1,"Mozilla/5.0 (Windows NT 10.0; Win64; x64) AppleWebKit/537.36 (KHTML, like Gecko) Chrome/138.0.0.0 Safari/537.36 OPR/122.0.0.0",SUCCESS,User logged in successfully,false,SHA256:6cd552840f9ffd9ad25c1cfa45302bfa1344593e657ab1739a6285b878ba43b6
c9964d85-d10f-450d-af13-cbef6b36e4e8,2025-10-19T22:43:35.043076+00:00,1,login,,,127.0.0.1,"Mozilla/5.0 (Windows NT 10.0; Win64; x64) AppleWebKit/537.36 (KHTML, like Gecko) Chrome/138.0.0.0 Safari/537.36 OPR/122.0.0.0",SUCCESS,User logged in successfully,false,SHA256:9441fd6e2905f4b22d136b1f53a96620569cc437a0be09a5a7ca39036dcae89f
d73c2f6a-3545-434f-ae57-7dd3641d737d,2025-10-19T22:44:33.941681+00:00,1,create_league_attempt,,,127.0.0.1,"Mozilla/5.0 (Windows NT 10.0; Win64; x64) AppleWebKit/537.36 (KHTML, like Gecko) Chrome/138.0.0.0 Safari/537.36 OPR/122.0.0.0",PENDING,league=Liga de Ale,false,SHA256:ac75aa76cf4dbeca26d6330e6e0c909326d7e2a741cb226cee0c6ff1dd0d8e93
8f8c54b7-6d9a-4dab-a921-4398704f4d32,2025-10-19T22:47:43.527458+00:00,1,create_league_attempt,,,127.0.0.1,"Mozilla/5.0 (Windows NT 10.0; Win64; x64) AppleWebKit/537.36 (KHTML, like Gecko) Chrome/138.0.0.0 Safari/537.36 OPR/122.0.0.0",PENDING,league=Liga de Ale,false,SHA256:df0f5c55461fc3d577fabd04b5647ff02e8a3b2731ef21239062de36fda7feb7
e1698233-d930-4aad-8a81-f01133ebdf9c,2025-10-19T22:48:06.089921+00:00,1,create_league_attempt,,,127.0.0.1,"Mozilla/5.0 (Windows NT 10.0; Win64; x64) AppleWebKit/537.36 (KHTML, like Gecko) Chrome/138.0.0.0 Safari/537.36 OPR/122.0.0.0",PENDING,league=Otra liga,false,SHA256:bacbfd57b2d440b09ab70450a2b9d8070c8c6937ab1fe740fa976e29d47c8a19
93106679-d682-4cbb-af38-a5d1696c7d77,2025-10-19T22:48:13.353430+00:00,1,create_league_attempt,,,127.0.0.1,"Mozilla/5.0 (Windows NT 10.0; Win64; x64) AppleWebKit/537.36 (KHTML, like Gecko) Chrome/138.0.0.0 Safari/537.36 OPR/122.0.0.0",PENDING,league=Liga de Ale,false,SHA256:6bcc6e377d6ad88b884359cae3c6922b47fef7548de973ff3ecc570df1e75d5b
023f5c86-ec04-4cb9-8ef6-eebad43e885b,2025-10-19T22:48:26.147922+00:00,1,create_league_attempt,,,127.0.0.1,"Mozilla/5.0 (Windows NT 10.0; Win64; x64) AppleWebKit/537.36 (KHTML, like Gecko) Chrome/138.0.0.0 Safari/537.36 OPR/122.0.0.0",PENDING,league=Otra liga,false,SHA256:033d73e0a50648a402697eb621e9eb726dd61dfc32d36ffede8fdaf630d89b59
dfb22e59-fd51-4e42-896a-e4d121051724,2025-10-19T22:50:15.882153+00:00,2,register,,,127.0.0.1,"Mozilla/5.0 (Windows NT 10.0; Win64; x64) AppleWebKit/537.36 (KHTML, like Gecko) Chrome/138.0.0.0 Safari/537.36 OPR/122.0.0.0",SUCCESS,User registered successfully,false,SHA256:074f51e19df87dea4cc847f06e91233c6ec7fb05439c72a7a05d50997c3cc21a
c5e596b6-c3c0-4225-ac20-7e32011e99ae,2025-10-19T22:50:19.925020+00:00,2,login,,,127.0.0.1,"Mozilla/5.0 (Windows NT 10.0; Win64; x64) AppleWebKit/537.36 (KHTML, like Gecko) Chrome/138.0.0.0 Safari/537.36 OPR/122.0.0.0",SUCCESS,User logged in successfully,false,SHA256:d491bb145743ff847639b25a466003ddcf2bea1e29e4c8b3b2460875fae64c92
1e155381-6183-4a5c-93eb-ad6701e9f855,2025-10-19T22:56:38.044359+00:00,2,create_league_attempt,,,127.0.0.1,"Mozilla/5.0 (Windows NT 10.0; Win64; x64) AppleWebKit/537.36 (KHTML, like Gecko) Chrome/138.0.0.0 Safari/537.36 OPR/122.0.0.0",PENDING,league=Otra liga,false,SHA256:3847e36b30d73a3e66ca22f90dca60f7cad2b621ad77348b8cc43882c0e6989b
7e775de4-92f8-465f-a3ef-ac74dd0999ab,2025-10-19T22:57:02.531674+00:00,2,create_league_attempt,,,127.0.0.1,"Mozilla/5.0 (Windows NT 10.0; Win64; x64) AppleWebKit/537.36 (KHTML, like Gecko) Chrome/138.0.0.0 Safari/537.36 OPR/122.0.0.0",PENDING,league=Nueva liga,false,SHA256:e95ce77f648024cb90864dd770a9e8b18cb99d4dc74c452d70ccdf0b5fd76dff
d95888d7-bafe-46b5-95a7-0bbd9c923c66,2025-10-19T22:57:08.762051+00:00,2,create_league_attempt,,,127.0.0.1,"Mozilla/5.0 (Windows NT 10.0; Win64; x64) AppleWebKit/537.36 (KHTML, like Gecko) Chrome/138.0.0.0 Safari/537.36 OPR/122.0.0.0",PENDING,league=Nueva liga,false,SHA256:f598151ed5f06e7b718eddbd0dd6446d6fd8035fab269ad362c493e3bcf4371f
439d535e-b9f0-4063-9cf3-86c4678a2596,2025-10-20T00:07:25.271760+00:00,2,login,,,127.0.0.1,"Mozilla/5.0 (Windows NT 10.0; Win64; x64) AppleWebKit/537.36 (KHTML, like Gecko) Chrome/138.0.0.0 Safari/537.36 OPR/122.0.0.0",SUCCESS,User logged in successfully,false,SHA256:5890b5a9c461f630ab46974124cdf9769889c711ba7d5a32e75fb2316f542ce6
06a84bd0-ec3e-4d1d-9e61-56c676f51dd7,2025-10-20T00:18:06.734683+00:00,2,login,,,127.0.0.1,"Mozilla/5.0 (Windows NT 10.0; Win64; x64) AppleWebKit/537.36 (KHTML, like Gecko) Chrome/138.0.0.0 Safari/537.36 OPR/122.0.0.0",SUCCESS,User logged in successfully,false,SHA256:e48a4b414506fd9a57284d55ef6fee8ec4bf28cfb4b3bb7bc9f81cb510673cd2
48d0d930-aed4-4d54-a944-67c6b57101d7,2025-10-20T00:43:07.273352+00:00,2,login,,,127.0.0.1,"Mozilla/5.0 (Windows NT 10.0; Win64; x64) AppleWebKit/537.36 (KHTML, like Gecko) Chrome/138.0.0.0 Safari/537.36 OPR/122.0.0.0",SUCCESS,User logged in successfully,false,SHA256:69a609437d5e85fd67e92fb32d19e6934d24d9aa0c4f873121ea8f27d00719ac
7fbb6a4e-c022-443b-b577-c8f7ddb611e5,2025-10-20T00:46:31.653212+00:00,2,login,,,127.0.0.1,"Mozilla/5.0 (Windows NT 10.0; Win64; x64) AppleWebKit/537.36 (KHTML, like Gecko) Chrome/138.0.0.0 Safari/537.36 OPR/122.0.0.0",SUCCESS,User logged in successfully,false,SHA256:e9269f5d1eb3c7b11d7b399ea9b409471b7a008eaaaeaf9b83a60fcf28093c92
b4adf9b0-a17f-4bb9-b459-9e0b8799b73e,2025-10-20T00:50:41.032994+00:00,2,create_league_attempt,,,127.0.0.1,"Mozilla/5.0 (Windows NT 10.0; Win64; x64) AppleWebKit/537.36 (KHTML, like Gecko) Chrome/138.0.0.0 Safari/537.36 OPR/122.0.0.0",PENDING,league=Liga de ALEEEE,false,SHA256:a06a77575fc0731288e9aa8ab705e095ad702b602757180d5717eb6e95dcb0c5
afb4eab1-7bf1-4fd0-a13b-5d2b93cd260e,2025-10-20T00:51:01.240058+00:00,2,create_league_attempt,,,127.0.0.1,"Mozilla/5.0 (Windows NT 10.0; Win64; x64) AppleWebKit/537.36 (KHTML, like Gecko) Chrome/138.0.0.0 Safari/537.36 OPR/122.0.0.0",PENDING,league=Segunda PRueba,false,SHA256:097bc7e8d35ed4353334755975f3f78fd95c8ece94690f0236acf3822730763a
84a4c3b2-d802-4a6e-8125-f8cd9dfaa310,2025-10-22T21:26:00.845617+00:00,7,login,,,::1,"Mozilla/5.0 (Windows NT 10.0; Win64; x64) AppleWebKit/537.36 (KHTML, like Gecko) Chrome/141.0.0.0 Safari/537.36",SUCCESS,User logged in successfully,false,SHA256:064f3eadaf8e5ed6c56fea673d22b5cf3de9130fbb1d0fd45dcce992246f834f
8e33acbc-7b90-4463-9df2-b897cd018ae9,2025-10-22T21:26:17.591430+00:00,7,login_attempt,,,::1,"Mozilla/5.0 (Windows NT 10.0; Win64; x64) AppleWebKit/537.36 (KHTML, like Gecko) Chrome/141.0.0.0 Safari/537.36",FAILED,"Incorrect password, attempt 1",true,SHA256:054012cd8624ffa20c66222f64667c92d1c687f5ef6c4821fbc6ee3926162ad5
7db4b93f-69f3-4fb6-b35d-3c6af3d97cff,2025-10-22T21:26:18.415248+00:00,7,login_attempt,,,::1,"Mozilla/5.0 (Windows NT 10.0; Win64; x64) AppleWebKit/537.36 (KHTML, like Gecko) Chrome/141.0.0.0 Safari/537.36",FAILED,"Incorrect password, attempt 2",true,SHA256:3335e9acde04929d09586e03f7cb31569468691583b27db48f91451798fc24cb
d0e45dfd-5060-486d-bcdd-84842c52f1fd,2025-10-24T21:23:37.434569+00:00,11,create_league_attempt,,,::1,"Mozilla/5.0 (Windows NT 10.0; Win64; x64) AppleWebKit/537.36 (KHTML, like Gecko) Chrome/141.0.0.0 Safari/537.36",PENDING,league=Cartaguito,false,SHA256:83b8d4658c6c0a93a6f154cdcf7cda6226c831595885afea92781172943b0a35
c646c5e9-2986-44a0-ac3f-b65ce77dcb99,2025-10-24T21:23:53.883582+00:00,11,create_league_attempt,,,::1,"Mozilla/5.0 (Windows NT 10.0; Win64; x64) AppleWebKit/537.36 (KHTML, like Gecko) Chrome/141.0.0.0 Safari/537.36",PENDING,league=Cartaguito,false,SHA256:eff83011ea6ad422267160c3d71706b2ce6b016e040435dba748a52dafb50a78
00685e4b-d91f-454e-8d93-09b35279fea5,2025-10-24T21:25:22.163386+00:00,11,create_league_attempt,,,::1,"Mozilla/5.0 (Windows NT 10.0; Win64; x64) AppleWebKit/537.36 (KHTML, like Gecko) Chrome/141.0.0.0 Safari/537.36",PENDING,league=Liga Cartago,false,SHA256:91b38cd72bfa020d0fc33a5c4676d64a72bf2d69e0a9434f532168c3201e5430
548c9815-fe59-4156-ac1a-d1d1e30fde9e,2025-10-24T21:25:50.142357+00:00,11,create_league_attempt,,,::1,"Mozilla/5.0 (Windows NT 10.0; Win64; x64) AppleWebKit/537.36 (KHTML, like Gecko) Chrome/141.0.0.0 Safari/537.36",PENDING,league=Liga Cartago,false,SHA256:b77e7258735fc91aac7544c1b67987bda812239676000471a640dcf588442526
654d9bb1-c9af-4cf5-99c3-4a95cdba2cfc,2025-10-24T21:28:37.805071+00:00,11,create_league_attempt,,,::1,"Mozilla/5.0 (Windows NT 10.0; Win64; x64) AppleWebKit/537.36 (KHTML, like Gecko) Chrome/141.0.0.0 Safari/537.36",PENDING,league=San Juan,false,SHA256:625704d4299d458d6c853d572878ecb52d0fad3a4f98ad68de4d24fc02885839
096bae51-2bd8-4300-a032-e10ccbd48718,2025-10-24T21:30:14.151513+00:00,11,create_league_attempt,,,::1,"Mozilla/5.0 (Windows NT 10.0; Win64; x64) AppleWebKit/537.36 (KHTML, like Gecko) Chrome/141.0.0.0 Safari/537.36",PENDING,league=San Juan,false,SHA256:0a1ae149484f86e14da8e35257a0d8c0f83f082c3900ccb84fa8903ad38c966b
8e25a528-88a9-4ca5-8a1c-65c0cac45be9,2025-10-24T21:32:30.768523+00:00,11,create_league_attempt,,,::1,"Mozilla/5.0 (Windows NT 10.0; Win64; x64) AppleWebKit/537.36 (KHTML, like Gecko) Chrome/141.0.0.0 Safari/537.36",PENDING,league=San Juan,false,SHA256:7e094dd59b956d80f16a902e445af950c2f30fa60ae03d87ffee83bd22def5ea
43c2d130-3018-4844-adb0-921face123e6,2025-10-24T21:40:08.831082+00:00,11,create_league_attempt,,,::1,"Mozilla/5.0 (Windows NT 10.0; Win64; x64) AppleWebKit/537.36 (KHTML, like Gecko) Chrome/141.0.0.0 Safari/537.36",PENDING,league=San Juan,false,SHA256:0e353c16aceee5cf705de114485af976480eefb70ca64e7e15b630d398899521
e0e2a1c6-b604-48f5-9a76-477eaf6f1c86,2025-10-24T22:11:24.493300+00:00,11,create_league_attempt,,,::1,"Mozilla/5.0 (Windows NT 10.0; Win64; x64) AppleWebKit/537.36 (KHTML, like Gecko) Chrome/141.0.0.0 Safari/537.36",PENDING,league=San Juan,false,SHA256:2ab3d8d564eccc72fdf30316e68b18200cf8a10585710ce841ba30e698211df5
3460d2fa-f7e8-45f6-a4cb-992103619947,2025-10-24T22:12:50.726446+00:00,11,create_league_attempt,,,::1,"Mozilla/5.0 (Windows NT 10.0; Win64; x64) AppleWebKit/537.36 (KHTML, like Gecko) Chrome/141.0.0.0 Safari/537.36",PENDING,league=San Juan,false,SHA256:8ba4dcd4b9151ff475d4c4db2c84b12c2d25890074922386d738eaabbb090c01
ca589fd4-9ba6-4ae2-b9b8-818c52ed6190,2025-10-24T22:13:59.140686+00:00,11,create_league_attempt,,,::1,"Mozilla/5.0 (Windows NT 10.0; Win64; x64) AppleWebKit/537.36 (KHTML, like Gecko) Chrome/141.0.0.0 Safari/537.36",PENDING,league=San Juan,false,SHA256:459f02997c35f2f43c8530d6e31489e9c735f6cf812f8093b7e44221ea951f26
4b611033-a040-445f-a968-c54766b3a037,2025-10-24T22:15:20.322747+00:00,11,create_league_attempt,,,::1,"Mozilla/5.0 (Windows NT 10.0; Win64; x64) AppleWebKit/537.36 (KHTML, like Gecko) Chrome/141.0.0.0 Safari/537.36",PENDING,league=C,false,SHA256:e5d164c65579f4131132c931c4ba5545e343a33a15e43ac20ce887f27922e218
7206446a-6746-42b0-bb4e-8bd6e6fe321c,2025-10-24T22:17:17.221284+00:00,11,create_league_attempt,,,::1,"Mozilla/5.0 (Windows NT 10.0; Win64; x64) AppleWebKit/537.36 (KHTML, like Gecko) Chrome/141.0.0.0 Safari/537.36",PENDING,league=C,false,SHA256:4c8df1802c36f896c271fe564c97bcc09b664f37ef9900e1ac6001b846960725
bac87203-fffe-4229-825a-2ce18302c5bb,2025-10-24T22:18:37.033048+00:00,11,create_league_attempt,,,::1,"Mozilla/5.0 (Windows NT 10.0; Win64; x64) AppleWebKit/537.36 (KHTML, like Gecko) Chrome/141.0.0.0 Safari/537.36",PENDING,league=C,false,SHA256:f29c5f484998b5a3cf52d997f6d5b321d51118eed4e3a506f42b997776029905
f79cbec9-3ea4-43d7-936d-835e165ebf3c,2025-10-24T22:19:35.596374+00:00,11,create_league_attempt,,,::1,"Mozilla/5.0 (Windows NT 10.0; Win64; x64) AppleWebKit/537.36 (KHTML, like Gecko) Chrome/141.0.0.0 Safari/537.36",PENDING,league=C,false,SHA256:5203c8799ea80804705dba87c4e64085ee185a8d29c3612cfe6306672e5bb8c0
e3ded9cb-1d3f-495c-bd29-98ab137928dd,2025-10-24T22:24:20.414459+00:00,11,create_league_attempt,,,::1,"Mozilla/5.0 (Windows NT 10.0; Win64; x64) AppleWebKit/537.36 (KHTML, like Gecko) Chrome/141.0.0.0 Safari/537.36",PENDING,league=Cartaguito,false,SHA256:409d885aa43c455d099225b072692a95b4b284f279edb7ac4ce5c4c472deecf5
533ebb26-961c-497f-8945-459cd46caf25,2025-10-25T02:14:59.127350+00:00,12,register,,,::1,"Mozilla/5.0 (Windows NT 10.0; Win64; x64) AppleWebKit/537.36 (KHTML, like Gecko) Chrome/141.0.0.0 Safari/537.36",SUCCESS,User registered successfully,false,SHA256:ffe58d50a8335f4a6a28554d3829622ac113aa8088235575b9d010dcf08bb450
23adc63a-e2b5-499c-8619-9991071048e7,2025-10-25T02:19:00.992571+00:00,12,join_league_attempt,,,::1,"Mozilla/5.0 (Windows NT 10.0; Win64; x64) AppleWebKit/537.36 (KHTML, like Gecko) Chrome/141.0.0.0 Safari/537.36",PENDING,"league_id=1, team_id=4",false,SHA256:c0ff8f97b1956a31c6b471606fa4c16229fa2129e9892257a6cfab718e3615cb
10434c8b-1ace-4337-adf0-d125acef0aeb,2025-10-25T02:19:05.073817+00:00,12,join_league_attempt,,,::1,"Mozilla/5.0 (Windows NT 10.0; Win64; x64) AppleWebKit/537.36 (KHTML, like Gecko) Chrome/141.0.0.0 Safari/537.36",PENDING,"league_id=1, team_id=4",false,SHA256:794aca7aca6336d2f9fc168b2184719238598c7c4f0bbc8fbe6e4544eab0efab
3b5097c1-35ef-40aa-8078-87d810097fa4,2025-10-25T02:19:05.350594+00:00,12,join_league_success,,,::1,"Mozilla/5.0 (Windows NT 10.0; Win64; x64) AppleWebKit/537.36 (KHTML, like Gecko) Chrome/141.0.0.0 Safari/537.36",SUCCESS,"league_id=1, team_id=4, alias=Los Monta√±osos",false,SHA256:ff3fc2e5ab0a0a52834059e82bd45532132755871079ede8830bd664e97f31c5
5860889e-90da-40a5-94bc-9a78d4aeb2b7,2025-10-25T22:35:16.098574+00:00,1,register,,,::1,"Mozilla/5.0 (Windows NT 10.0; Win64; x64) AppleWebKit/537.36 (KHTML, like Gecko) Chrome/141.0.0.0 Safari/537.36",SUCCESS,User registered successfully,false,SHA256:8c686b90776f76e347029e6bdef1f03490939026dd5cdfba995e6a0729519548
5476ca9a-b833-41e4-beef-aa4841c1913a,2025-10-25T22:40:46.542010+00:00,2,register,,,::1,"Mozilla/5.0 (Windows NT 10.0; Win64; x64) AppleWebKit/537.36 (KHTML, like Gecko) Chrome/141.0.0.0 Safari/537.36",SUCCESS,User registered successfully,false,SHA256:07a67c0231c7014e30806d26ea52088e183e18ce0b606efaa60a91780160a724
3bbefe15-df15-4e22-b978-d625f056abb1,2025-10-25T22:41:21.327349+00:00,3,register,,,::1,"Mozilla/5.0 (Windows NT 10.0; Win64; x64) AppleWebKit/537.36 (KHTML, like Gecko) Chrome/141.0.0.0 Safari/537.36",SUCCESS,User registered successfully,false,SHA256:bde59e8e7d80e0b31d3dde9a1a6a711973d8ef4a8c0527fbf989b20018de05e1
7392d917-5530-4684-b7e3-9dcd86ea4aaa,2025-10-25T23:42:35.723417+00:00,4,register,,,::1,"Mozilla/5.0 (Windows NT 10.0; Win64; x64) AppleWebKit/537.36 (KHTML, like Gecko) Chrome/141.0.0.0 Safari/537.36",SUCCESS,User registered successfully,false,SHA256:8a4ab8963dc93b4ae6f62787d69310c0346303a6d3840903264057826fe6ea49
50fe4b65-d8be-48b6-adde-12469a4f420c,2025-10-26T00:23:52.247918+00:00,3,create_league_attempt,,,::1,"Mozilla/5.0 (Windows NT 10.0; Win64; x64) AppleWebKit/537.36 (KHTML, like Gecko) Chrome/141.0.0.0 Safari/537.36",PENDING,league=Brumosos,false,SHA256:83fb15c9094f675471894253748f8e63b2ec6660b259636714471a0e4034c111
f0c4e049-f8db-4393-9a86-3d648566fc79,2025-10-26T00:27:03.360673+00:00,2,join_league_attempt,,,::1,"Mozilla/5.0 (Windows NT 10.0; Win64; x64) AppleWebKit/537.36 (KHTML, like Gecko) Chrome/141.0.0.0 Safari/537.36",PENDING,"league_id=1, team_id=1",false,SHA256:0a641405b3a8265c5ee3e7b91c80658d95ad66a3424752b51aa53f6185929104
6e471d62-23ca-48b9-92d7-c514ce48fa5b,2025-10-26T00:27:24.133433+00:00,2,join_league_attempt,,,::1,"Mozilla/5.0 (Windows NT 10.0; Win64; x64) AppleWebKit/537.36 (KHTML, like Gecko) Chrome/141.0.0.0 Safari/537.36",PENDING,"league_id=1, team_id=1",false,SHA256:1c0b49a639a187cead1d78ed5e9169a07f34e6153116eda9ea035021ce04f00a
c5528aab-d5a3-42c8-8ce4-4314670a26a5,2025-10-26T00:27:28.953775+00:00,2,join_league_attempt,,,::1,"Mozilla/5.0 (Windows NT 10.0; Win64; x64) AppleWebKit/537.36 (KHTML, like Gecko) Chrome/141.0.0.0 Safari/537.36",PENDING,"league_id=1, team_id=1",false,SHA256:6ea61a4206b367fe233c67a416f7b46f2ebf0c2a656495c6274bf452ecd27850
97658fbf-8f2d-4160-acbc-d5237c62c0fd,2025-10-26T00:27:31.117717+00:00,2,join_league_attempt,,,::1,"Mozilla/5.0 (Windows NT 10.0; Win64; x64) AppleWebKit/537.36 (KHTML, like Gecko) Chrome/141.0.0.0 Safari/537.36",PENDING,"league_id=1, team_id=1",false,SHA256:95b367d7418ab66265dee85466ba73dd55b61af755c05ff9b2569ac05350c716
c6899667-9d3f-4418-ac1f-007f108f8ca6,2025-10-26T00:27:31.358620+00:00,2,join_league_success,,,::1,"Mozilla/5.0 (Windows NT 10.0; Win64; x64) AppleWebKit/537.36 (KHTML, like Gecko) Chrome/141.0.0.0 Safari/537.36",SUCCESS,"league_id=1, team_id=1, alias=G2",false,SHA256:08936181069abf1ccb72cad368088c890601f403f32e8681bd827ebac7b324eb
93e7642e-0698-41ce-92cb-2bf8bffcff5d,2025-10-26T00:27:59.705520+00:00,2,join_league_attempt,,,::1,"Mozilla/5.0 (Windows NT 10.0; Win64; x64) AppleWebKit/537.36 (KHTML, like Gecko) Chrome/141.0.0.0 Safari/537.36",PENDING,"league_id=1, team_id=1",false,SHA256:992e3f7d8dd3fa5e91cdc02e98c2b75922bb332aa83a7b565a2db551b9b32efb
af2b7e7e-24a7-4d15-9d15-1c4146606846,2025-10-26T00:29:02.118881+00:00,1,join_league_attempt,,,::1,"Mozilla/5.0 (Windows NT 10.0; Win64; x64) AppleWebKit/537.36 (KHTML, like Gecko) Chrome/141.0.0.0 Safari/537.36",PENDING,"league_id=1, team_id=3",false,SHA256:81422328b0ee66165b63e83661a4dd48d47eced0e30c65d972fd915a86912a1b
ff63849a-25f4-435d-b21d-21c14c0155fd,2025-10-26T00:29:08.057832+00:00,1,join_league_attempt,,,::1,"Mozilla/5.0 (Windows NT 10.0; Win64; x64) AppleWebKit/537.36 (KHTML, like Gecko) Chrome/141.0.0.0 Safari/537.36",PENDING,"league_id=1, team_id=3",false,SHA256:efe1fa89cde81a6aa92ea3136dbaa0aa3d718a93f4d030e85f667db454f515ad
d6d2da45-13d3-4052-83ab-5c91dca592b5,2025-10-26T00:29:08.280791+00:00,1,join_league_success,,,::1,"Mozilla/5.0 (Windows NT 10.0; Win64; x64) AppleWebKit/537.36 (KHTML, like Gecko) Chrome/141.0.0.0 Safari/537.36",SUCCESS,"league_id=1, team_id=3, alias=Guapos",false,SHA256:6d48607e4d89cf309893af093a355b5ceaeed20070204f5bb55b9ac8bbaab337
3d9967d0-e3c7-4753-98ac-bb2f59b1b765,2025-10-29T18:30:25.509773+00:00,1,register,,,127.0.0.1,"Mozilla/5.0 (Windows NT 10.0; Win64; x64) AppleWebKit/537.36 (KHTML, like Gecko) Chrome/138.0.0.0 Safari/537.36 OPR/122.0.0.0",SUCCESS,User registered successfully,false,SHA256:ebfcc0ad675293ce02b250414b4555903b97c6f2b455a4c48b6c4399e716294b
d1c1cf8c-1813-4ed2-9572-6715dc095f6c,2025-10-29T18:34:20.324714+00:00,1,create_league_attempt,,,127.0.0.1,"Mozilla/5.0 (Windows NT 10.0; Win64; x64) AppleWebKit/537.36 (KHTML, like Gecko) Chrome/138.0.0.0 Safari/537.36 OPR/122.0.0.0",PENDING,league=Liga de Ale,false,SHA256:ddcceb39719c667dd3ba78bb1baf0c80209df0b32d89258f3015f240458131ad
32f9fe39-b805-4b2f-9afb-bee22b335a2d,2025-10-29T18:34:30.525473+00:00,1,create_league_attempt,,,127.0.0.1,"Mozilla/5.0 (Windows NT 10.0; Win64; x64) AppleWebKit/537.36 (KHTML, like Gecko) Chrome/138.0.0.0 Safari/537.36 OPR/122.0.0.0",PENDING,league=Liga de Ale,false,SHA256:8d03734220747e2df169e77d6e0c63450effd8c90598a105e4d561d51cb0a541
4d438cd6-6bc2-46a9-b1d0-2d1adb8072c1,2025-10-29T18:34:36.592897+00:00,1,create_league_attempt,,,127.0.0.1,"Mozilla/5.0 (Windows NT 10.0; Win64; x64) AppleWebKit/537.36 (KHTML, like Gecko) Chrome/138.0.0.0 Safari/537.36 OPR/122.0.0.0",PENDING,league=Liga de Ale,false,SHA256:b63fc476738fd5456bf2c3bcb00a21b48f2b8c9ebf15169eb63d54a723d41414
f63324b1-fd16-4718-b5df-d14c1e9541dc,2025-10-29T18:34:42.965970+00:00,1,create_league_attempt,,,127.0.0.1,"Mozilla/5.0 (Windows NT 10.0; Win64; x64) AppleWebKit/537.36 (KHTML, like Gecko) Chrome/138.0.0.0 Safari/537.36 OPR/122.0.0.0",PENDING,league=Liga de Ale,false,SHA256:a640bb4dfb9434397f3768e6fda6aba773d17d7683514cca6d1034fae0c9b6c8
970ffd44-601b-4c3b-9927-b8776a4f96ed,2025-10-29T18:34:58.104500+00:00,1,create_league_attempt,,,127.0.0.1,"Mozilla/5.0 (Windows NT 10.0; Win64; x64) AppleWebKit/537.36 (KHTML, like Gecko) Chrome/138.0.0.0 Safari/537.36 OPR/122.0.0.0",PENDING,league=Liga de Ale,false,SHA256:dba6346f73004aa28d76d65daed215d21ea3cce7cbf31b1a1cee6654c3ac79d3
66b9f361-8c16-4962-944a-741251cb8558,2025-10-29T18:36:04.794764+00:00,1,create_league_attempt,,,127.0.0.1,"Mozilla/5.0 (Windows NT 10.0; Win64; x64) AppleWebKit/537.36 (KHTML, like Gecko) Chrome/138.0.0.0 Safari/537.36 OPR/122.0.0.0",PENDING,league=Liga de Ale,false,SHA256:c0761330de5c289e12bc973d490baa1d98eb55250d2cf731fdda8d7be7386099
5ae37311-517e-4dbb-89dd-da1f4d125685,2025-10-29T18:37:14.112988+00:00,1,create_league_attempt,,,127.0.0.1,"Mozilla/5.0 (Windows NT 10.0; Win64; x64) AppleWebKit/537.36 (KHTML, like Gecko) Chrome/138.0.0.0 Safari/537.36 OPR/122.0.0.0",PENDING,league=Liga de Ale,false,SHA256:3c80f654f25539f9dc6c21e179255a66799fa2cd99e6c03b1b16215fae09bb5f
10ba4e87-eeba-4cba-8ce6-45b48506b76b,2025-10-29T18:41:17.046764+00:00,1,create_league_attempt,,,127.0.0.1,"Mozilla/5.0 (Windows NT 10.0; Win64; x64) AppleWebKit/537.36 (KHTML, like Gecko) Chrome/138.0.0.0 Safari/537.36 OPR/122.0.0.0",PENDING,league=Liga de Ale,false,SHA256:3a676294b0200ae0702e202da3447c61f02e64a2009ad615b48a8fc2dabdfb21
8fac6279-78c8-450d-8a9d-333a6e185505,2025-10-31T21:53:07.242725+00:00,1,create_league_attempt,,,127.0.0.1,"Mozilla/5.0 (Windows NT 10.0; Win64; x64) AppleWebKit/537.36 (KHTML, like Gecko) Chrome/138.0.0.0 Safari/537.36 OPR/122.0.0.0",PENDING,league=Liga de Ale,false,SHA256:1e5c7c4c2b841e3a9398f08a911dfbf1214d7175ab6f0a93f94b5ef7276c8408
ad0c9d47-1b7a-45ad-a016-1d1876e18630,2025-10-31T21:56:49.771573+00:00,1,create_league_attempt,,,127.0.0.1,"Mozilla/5.0 (Windows NT 10.0; Win64; x64) AppleWebKit/537.36 (KHTML, like Gecko) Chrome/138.0.0.0 Safari/537.36 OPR/122.0.0.0",PENDING,league=Liga de Ale,false,SHA256:477bee04dafa478449e25fc2fb27a01bdab6aa723b886025b183651b0ca52bf5
5ac7c142-08d8-4034-8ac7-a3675b640c3e,2025-10-31T23:42:37.921312+00:00,1,create_league_attempt,,,127.0.0.1,"Mozilla/5.0 (Windows NT 10.0; Win64; x64) AppleWebKit/537.36 (KHTML, like Gecko) Chrome/138.0.0.0 Safari/537.36 OPR/122.0.0.0",PENDING,league=Liga de Ale,false,SHA256:db0a95b0e0b1ced37875cccfe84501ef8c7a558b724f1751466878a1f27bd599
40e6db97-0794-48b7-81b6-9dc3cf98451f,2025-10-31T23:42:48.015471+00:00,1,create_league_attempt,,,127.0.0.1,"Mozilla/5.0 (Windows NT 10.0; Win64; x64) AppleWebKit/537.36 (KHTML, like Gecko) Chrome/138.0.0.0 Safari/537.36 OPR/122.0.0.0",PENDING,league=EIFADSJ,false,SHA256:a6add66643a7766a8cd46f5ba6d459e7634d63dae91f53e1799550fb80a4b426
24876510-e312-48e3-b02a-961fa87eb4f9,2025-11-01T00:05:30.139559+00:00,1,create_league_attempt,,,127.0.0.1,"Mozilla/5.0 (Windows NT 10.0; Win64; x64) AppleWebKit/537.36 (KHTML, like Gecko) Chrome/138.0.0.0 Safari/537.36 OPR/122.0.0.0",PENDING,league=Gran Liga,false,SHA256:e7054c14f38ca883a2ef666cdaf9c366975315e41d944cf600f4b7dde370cfde
361de9b9-4f60-44c6-8049-a584fb4cc174,2025-11-01T02:02:27.363062+00:00,4,register,,,127.0.0.1,"Mozilla/5.0 (Windows NT 10.0; Win64; x64) AppleWebKit/537.36 (KHTML, like Gecko) Chrome/138.0.0.0 Safari/537.36 OPR/122.0.0.0",SUCCESS,User registered successfully,false,SHA256:98cdab3e303a8bac6f11ea38a00ebaa0fb34d1ed5507020a2a3de2e5a7a10d02
6245cb52-0779-4391-a320-148a141c81fe,2025-11-01T02:03:44.473625+00:00,1,join_league_attempt,,,127.0.0.1,"Mozilla/5.0 (Windows NT 10.0; Win64; x64) AppleWebKit/537.36 (KHTML, like Gecko) Chrome/138.0.0.0 Safari/537.36 OPR/122.0.0.0",PENDING,"league_id=3, fantasy_team=name='Leones' city='Roma' image_url=None",false,SHA256:264401307a293bf3c6787e114f73c36449645c2992fa2f0e556e46ea05d5396d
